{
    "id": "2688e9e7-81f0-40b9-8dd6-719ccead6391",
    "scriptName": "【Dreammini】4.Kemini通用去除多余内容",
    "findRegex": "/(<disclaimer>.*?</disclaimer>)|(<guifan>.*?</guifan>)|```start|<dream>|</dream>|```end|<done>|`<done>`|(<!--\\s*consider\\s*:\\s*(.*?)\\s*-->)|(.*?</think(ing)?>(\\n)?)|(<think(ing)?>[\\s\\S]*<\\/think(ing)?>(\\n)?)/gs",
    "replaceString": "",
    "trimStrings": [],
    "placement": [
        2
    ],
    "disabled": false,
    "markdownOnly": true,
    "promptOnly": true,
    "runOnEdit": true,
    "substituteRegex": 0,
    "minDepth": null,
    "maxDepth": null
}