{
    "id": "77052179-920e-4b83-87f5-3dc4cef4a0c6",
    "scriptName": "【Dreammini】7.DIE小总结(格式)",
    "findRegex": "/(?<!<details>\\s*)<summary>(((?!<summary>)[\\s\\S])*?)<\\/summary>/g",
    "replaceString": "<details>\n<summary>摘要</summary>\n$1\n</details>\n\n",
    "trimStrings": [],
    "placement": [
        2
    ],
    "disabled": false,
    "markdownOnly": true,
    "promptOnly": false,
    "runOnEdit": true,
    "substituteRegex": 0,
    "minDepth": null,
    "maxDepth": null
}