{
    "id": "4c4f6a63-0ee7-404a-b31e-1e61232f0c7b",
    "scriptName": "【Dreammini】10.选项格式",
    "findRegex": "<options>\\s*(1\\.[^\\n]*)\\s*(2\\.[^\\n]*)\\s*(3\\.[^\\n]*)\\s*(4\\.[^\\n]*)\\s*(5\\.[^\\n]*)\\s*(6\\.[^\\n]*)\\s*(7\\.[^\\n]*)\\s*(8\\.[^\\n]*)\\s*(9\\.[^\\n]*)\\s*<\\/options>",
    "replaceString": "<options><details><summary style=\"background-color: #000000; color: #ffffff; padding: 5px; font-weight: bold; border-radius: 5px;\">故事选项</summary><div style=\"background-color: #000000; color: #ffffff; padding: 15px; border-radius: 0 0 5px 5px;\"><p style=\"margin: 5px 0;\">以下为当前场景下的可选行动，选择数字1-9（可複选），或使用10自行输入：</p><ul style=\"list-style-type: none; padding-left: 0;\"><li>\"$1\" <br> </li><li>\"$2\"<br> </li><li>\"$3\"<br></li><li>\"$4\"<br></li><li>\"$5\"<br></li><li>\"$6\"<br> </li><li>\"$7\"<br></li><li>\"$8\"<br></li><li>\"$9\" </li></ul></div></details></options>",
    "trimStrings": [],
    "placement": [
        2
    ],
    "disabled": false,
    "markdownOnly": true,
    "promptOnly": false,
    "runOnEdit": true,
    "substituteRegex": 0,
    "minDepth": null,
    "maxDepth": null
}