{
    "id": "adcfb751-2ac5-4228-be5f-a78dafd121ff",
    "scriptName": "【Dreammini】1.删除主线",
    "findRegex": "/(?<=<dream>[\\s\\S]*?)((?:[\\(（].{1,2}[\\)）])触发(?:[1-5])?|((?:\\(.{0,2}\\)|（.{0,2}）)?触发[1-5]))(?=[\\s\\S]*?</dream>)/gm",
    "replaceString": "",
    "trimStrings": [],
    "placement": [
        2
    ],
    "disabled": false,
    "markdownOnly": true,
    "promptOnly": true,
    "runOnEdit": false,
    "substituteRegex": 0,
    "minDepth": null,
    "maxDepth": 30
}