{
    "id": "021e005c-a493-4c7c-9a3a-cbf429bf68bf",
    "scriptName": "删除-投石系",
    "findRegex": "/(?:[,，]\\s*)?(?:(?:如同|仿佛|犹如|像)\\s+)?[^.。！？>:：”\\n]*?(?:掉落|掉入|掉进|抛入|抛进|抛落|落入|投进|投入|丢进|丢入|放入|投下)[^,，.。！？>:：”\\n]*?(?:(?:风|铁块|种子|铜块|金块|冰块|石头|石子|大石|巨石|炸弹|鹅卵石|清油|糖果|滴水|海绵|浓墨|闪电|催化剂|冷水|钥匙|水滴|冰水|冰山)[^,，.。！？>:：”\\n]*?[,，.。！？>:：”\\n][^,，.。！？>:：”\\n]*?涟漪[)）]?|(?:风|铁块|种子|铜块|金块|冰块|石头|石子|大石|巨石|炸弹|鹅卵石|清油|糖果|滴水|海绵|浓墨|闪电|催化剂|冷水|钥匙|水滴|冰水|冰山)[)）]?|[,，.。！？>:：”\\n][^,，.。！？>:：”\\n]*?涟漪[)）]?|[,，.。！？>:：”\\n])/g",
    "replaceString": "",
    "trimStrings": [],
    "placement": [
        2
    ],
    "disabled": false,
    "markdownOnly": true,
    "promptOnly": true,
    "runOnEdit": false,
    "substituteRegex": 0,
    "minDepth": null,
    "maxDepth": 30
}

