{
    "id": "2bab0d0b-7d88-4911-9dce-ae413cfa11a2",
    "scriptName": "删除-弓起系（可选）",
    "disabled": true,
    "runOnEdit": false,
    "findRegex": "(?:(?:弓起|像弓).*?(?:,|，)?.*?身.*?[,.，。？！!?])|(?:身.*?(?:,|，).*?弓起.*?[,.，。？！!?])|(?:.*?像.*?弓起.*?[,.，。？！!?])|像一张被拉满的弓.*?[,.，。？！!?]",
    "replaceString": "",
    "trimStrings": [],
    "placement": [
        2
    ],
    "substituteRegex": 0,
    "minDepth": null,
    "maxDepth": 30,
    "markdownOnly": true,
    "promptOnly": true
}