{
    "id": "5ca29c80-34fd-4e38-9917-93a4fbc4a484",
    "scriptName": "替换-花园系(可选)",
    "findRegex": "/(花芯)|(花穴)|(花户)|(神秘的幽谷)|(秘密花园)|(神秘幽谷)|(神秘花瓣)|(神秘花园)|(神秘蜜穴)|(神秘缝隙)|(私密花园)/g",
    "replaceString": "{{random:私处::花穴::蜜穴}}",
    "trimStrings": [],
    "placement": [
        2
    ],
    "disabled": true,
    "markdownOnly": true,
    "promptOnly": true,
    "runOnEdit": false,
    "substituteRegex": 0,
    "minDepth": null,
    "maxDepth": 30
}