{
    "id": "6d4499e8-9953-4f6c-9fc3-3d8e06448139",
    "scriptName": "消除-z基础总则v12",
    "findRegex": "/((?:绝望|麻木|勾起|一丝(?:丝)|封闭|僵住|恐惧|恐慌|惧怕|震惊|羞耻|屈辱|病态|崩溃|四肢百骸|cốgắng|subtly|yet|滚烫的岩浆|生理(?:的|性|层面|本能)|压抑|不似人声|机械地|野兽|幼兽|毒蛇|藤蔓|缠绕|肉刃|尖锐|冰冷|难以置信|不容(?:置疑|置喙)|泛白|他知道|她知道|濒临失控|意味深长|邪魅|邪笑|吞吃入腹|海啸|闪着|闪烁|低吼|唇舌|研磨|骨血|骨血之中|躁候|极致|弧度|小(?:兽|妖精|骚货|可爱|极度|东西|狐狸|野猫)|弓(?:起|着))[地丝的得]?\\**)/g",
    "replaceString": "  ",
    "trimStrings": [],
    "placement": [
        2
    ],
    "disabled": false,
    "markdownOnly": false,
    "promptOnly": true,
    "runOnEdit": false,
    "substituteRegex": 0,
    "minDepth": null,
    "maxDepth": 12
}